{"issue_number": 354, "created_at": "2018-11-17", "closed_at": "2018-11-17", "labels": ["Category:Bug", "DetectionPhase:Testing", "OriginationPhase:Requirements", "Priority :Critical", "Status:Approved"], "State": "closed", "Author": "AFA18SCM21V"}
{"issue_number": 352, "created_at": "2018-11-17", "closed_at": "2018-11-17", "labels": ["Category:Bug", "DetectionPhase:Testing", "OriginationPhase:Design", "Priority:Critical", "Status:Completed"], "State": "closed", "Author": "SFA18SCM75J"}
{"issue_number": 350, "created_at": "2018-11-16", "closed_at": "2018-11-17", "labels": ["Category:Inquiry", "DetectionPhase:Field", "OriginationPhase:Coding", "Priority:High", "Status:inProgress"], "State": "closed", "Author": "AFA18SCM64A"}
{"issue_number": 348, "created_at": "2018-11-16", "closed_at": "2018-11-17", "labels": ["Category:Inquiry", "DetectionPhase:Field", "OriginationPhase:Coding", "Priority:High", "Status:pendingReview"], "State": "closed", "Author": "BFA18SCM78Z"}
{"issue_number": 347, "created_at": "2018-11-16", "closed_at": "2018-11-16", "labels": ["Category:Inquiry", "DetectionPhase:Field", "OriginationPhase:Coding", "Priority:High", "Status:pendingReview"], "State": "closed", "Author": "KFA18SCM64T"}
{"issue_number": 345, "created_at": "2018-11-16", "closed_at": "2018-11-16", "labels": ["Category:Enhancement", "DetectionPhase:Testing", "OriginationPhase:Design", "Priority:Critical", "Status:Approved"], "State": "closed", "Author": "CFA18SCM71R"}
{"issue_number": 343, "created_at": "2018-11-16", "closed_at": "2018-11-17", "labels": ["Category:Bug", "DetectionPhase:Testing", "OriginationPhase:Requirements", "Priority:Critical", "Status:Completed"], "State": "closed", "Author": "AFA18SCM57S"}
{"issue_number": 340, "created_at": "2018-11-16", "closed_at": "2018-11-16", "labels": ["Category:Inquiry", "DetectionPhase:Field", "OriginationPhase:Design", "Priority:Low", "Status:pendingReview"], "State": "closed", "Author": "fazfar"}
{"issue_number": 336, "created_at": "2018-11-16", "closed_at": "2018-11-16", "labels": ["Category:Inquiry", "DetectionPhase:Field", "OriginationPhase:Coding", "Priority:Medium", "Status:inProgress"], "State": "closed", "Author": "PFA18SCM42I"}
{"issue_number": 335, "created_at": "2018-11-16", "closed_at": "2018-11-16", "labels": ["Category:Bug", "DetectionPhase:Testing", "OriginationPhase:Requirements", "Priority:Critical", "Status:Approved"], "State": "closed", "Author": "PFA18SCM15B"}
{"issue_number": 334, "created_at": "2018-11-16", "closed_at": "2018-11-16", "labels": ["Category:Inquiry", "DetectionPhase:Field", "OriginationPhase:Coding", "Priority:High", "Status:inProgress"], "State": "closed", "Author": "KFA18SCM06Y"}
{"issue_number": 333, "created_at": "2018-11-16", "closed_at": "2018-11-16", "labels": ["Category:Inquiry", "DetectionPhase:Field", "OriginationPhase:Coding", "Priority:High", "Status:inProgress"], "State": "closed", "Author": "AFA18SCM85P"}
{"issue_number": 329, "created_at": "2018-11-16", "closed_at": "2018-11-16", "labels": ["Category:Enhancement", "DetectionPhase:Testing", "OriginationPhase:Design", "Priority:Major", "Status:Approved"], "State": "closed", "Author": "MFA18SCM37P"}
{"issue_number": 327, "created_at": "2018-11-16", "closed_at": "2018-11-16", "labels": ["Category:Inquiry", "DetectionPhase:Field", "OriginationPhase:Coding", "Priority:High", "Status:inProgress"], "State": "closed", "Author": "MFA18SCM28T"}
{"issue_number": 328, "created_at": "2018-11-16", "closed_at": "2018-11-16", "labels": ["Category:Inquiry", "DetectionPhase:Field", "OriginationPhase:Coding", "Priority:High", "Status:inProgress"], "State": "closed", "Author": "SFA18SCM56H"}
{"issue_number": 326, "created_at": "2018-11-16", "closed_at": "2018-11-16", "labels": ["Category:Inquiry", "DetectionPhase:Field", "OriginationPhase:Coding", "Priority:High", "Status:inProgress"], "State": "closed", "Author": "BFA18SCM86S"}
{"issue_number": 324, "created_at": "2018-11-16", "closed_at": null, "labels": ["Category:Inquiry", "DetectionPhase:Field", "OriginationPhase:Coding", "Priority:High", "Status:inProgress"], "State": "open", "Author": "SFA18SCM30D"}
{"issue_number": 323, "created_at": "2018-11-16", "closed_at": "2018-11-16", "labels": ["Category:Inquiry", "DetectionPhase:Field", "OriginationPhase:Coding", "Priority:High", "Status:inProgress"], "State": "closed", "Author": "VFA18SCM66J"}
{"issue_number": 321, "created_at": "2018-11-16", "closed_at": "2018-11-16", "labels": ["Category : Inquiry", "DetectionPhase:Field", "Origination Phase : Coding", "Priority:High", "Status: inProgress"], "State": "closed", "Author": "FFA18SCM76B"}
{"issue_number": 318, "created_at": "2018-11-16", "closed_at": "2018-11-16", "labels": ["Category:Bug", "DetectionPhase:Testing", "OriginationPhase:Requirements", "Priority:Critical", "Status:Approved"], "State": "closed", "Author": "YFA18SCM09S"}
{"issue_number": 312, "created_at": "2018-11-16", "closed_at": "2018-11-16", "labels": ["Category:Bug", "DetectionPhase:Testing", "OriginationPhase:Design", "Priority:Critical", "Status:Approved"], "State": "closed", "Author": "eosrory"}
{"issue_number": 311, "created_at": "2018-11-16", "closed_at": "2018-11-16", "labels": ["Category:Enhancement", "DetectionPhase:Testing", "OriginationPhase:Design", "Priority:Critical", "Status:Completed"], "State": "closed", "Author": "PFA18SCM71G"}
{"issue_number": 310, "created_at": "2018-11-16", "closed_at": null, "labels": ["Category:Enhancement", "DetectionPhase:Testing", "OriginationPhase:Requirements", "Priority:Critical", "Status:Approved"], "State": "open", "Author": "SFA18SCM05R"}
{"issue_number": 307, "created_at": "2018-11-16", "closed_at": "2018-11-16", "labels": ["Category : Inquiry", "Detection Phase : Field", "OrientationPhase:Requirements", "Priority:High", "Status : In Progress"], "State": "closed", "Author": "jling3"}
{"issue_number": 306, "created_at": "2018-11-16", "closed_at": "2018-11-16", "labels": ["Category:Enhancement", "DetectionPhase:Testing", "OriginationPhase:Requirements", "Priority:Critical", "Status:Completed"], "State": "closed", "Author": "AFA18SCM35C"}
{"issue_number": 304, "created_at": "2018-11-16", "closed_at": "2018-11-16", "labels": ["Category:Inquiry", "DetectionPhase:Field", "OriginationPhase:Documentation", "Priority:Medium", "Status:inProgress"], "State": "closed", "Author": "NFA18SCM18B"}
{"issue_number": 301, "created_at": "2018-11-16", "closed_at": "2018-11-16", "labels": ["Category:Bug", "DetectionPhase:Testing", "OriginationPhase:Design", "Priority:Critical", "Status:Approved"], "State": "closed", "Author": "AFA18SCM51S"}
{"issue_number": 300, "created_at": "2018-11-16", "closed_at": "2018-11-16", "labels": ["Category:Inquiry", "DetectionPhase:Field", "OriginationPhase:Testing", "Priority:High", "Status:pendingReview"], "State": "closed", "Author": "SFA18SCM82S"}
{"issue_number": 299, "created_at": "2018-11-16", "closed_at": "2018-11-16", "labels": ["Category:Enhancement", "DetectionPhase:Testing", "OriginationPhase:Design", "Priority:Major", "Status:Approved"], "State": "closed", "Author": "GFA18SCM53S"}
{"issue_number": 298, "created_at": "2018-11-16", "closed_at": "2018-11-16", "labels": ["Category:Inquiry", "DetectionPhase:Field", "OriginationPhase:Testing", "Priority:High", "Status:pendingReview"], "State": "closed", "Author": "AFA18SCM56B"}
{"issue_number": 295, "created_at": "2018-11-16", "closed_at": "2018-11-16", "labels": ["Category:Inquiry", "DetectionPhase:Field", "OriginationPhase:Coding", "Priority:High", "Status:Approved"], "State": "closed", "Author": "NFA18SCM97G"}
{"issue_number": 294, "created_at": "2018-11-16", "closed_at": "2018-11-16", "labels": ["Category:Bug", "DetectionPhase:Testing", "OrientationPhase:Requirements", "Priority:Critical", "Status:Completed"], "State": "closed", "Author": "RFA18SCM25S"}
{"issue_number": 290, "created_at": "2018-11-15", "closed_at": "2018-11-16", "labels": ["Category:Inquiry", "DetectionPhase:Field", "OriginationPhase:Coding", "Priority:High", "Status:inProgress"], "State": "closed", "Author": "MFA18SCM22N"}
{"issue_number": 289, "created_at": "2018-11-15", "closed_at": "2018-11-15", "labels": ["Address:2525 S Martin Luther K Dr Chicago IL 60616", "Category:Bug", "DetectionPhase:Design", "Latitude:41.847198", "Longitude:-87.617188", "OriginationPhase:Design", "Priority:Medium", "Status:inProgress"], "State": "closed", "Author": "RFA18SCM25S"}
{"issue_number": 287, "created_at": "2018-11-15", "closed_at": "2018-11-16", "labels": ["Category:Inquiry", "DetectionPhase:Field", "OriginationPhase:Coding", "Priority:High", "Status:inProgress"], "State": "closed", "Author": "NFA18SCM96B"}
{"issue_number": 285, "created_at": "2018-11-15", "closed_at": "2018-11-16", "labels": ["Category:Bug", "DetectionPhase:Testing", "OriginationPhase:Design", "Priority:Critical", "Status:Completed"], "State": "closed", "Author": "DFA18SCM23M"}
{"issue_number": 283, "created_at": "2018-11-15", "closed_at": "2018-11-15", "labels": ["Category:Bug", "DetectionPhase:Testing", "OriginationPhase:Design", "Priority:Critical", "Status:Approved"], "State": "closed", "Author": "AFA18SCM93B"}
{"issue_number": 282, "created_at": "2018-11-15", "closed_at": "2018-11-15", "labels": ["Category:Inquiry", "DetectionPhase:Field", "OriginationPhase:Coding", "Priority:High", "Status:inProgress"], "State": "closed", "Author": "MFA18SCM22N"}
{"issue_number": 280, "created_at": "2018-11-15", "closed_at": "2018-11-15", "labels": ["Category:Enhancement", "DetectionPhase:Testing", "OriginationPhase:Design", "Priority:Critical", "Status:Completed"], "State": "closed", "Author": "RFA18SCM19G"}
{"issue_number": 279, "created_at": "2018-11-15", "closed_at": "2018-11-15", "labels": ["Category:Enhancement", "DetectionPhase:Testing", "OriginationPhase:Requirements", "Priority:Critical", "Status:Approved"], "State": "closed", "Author": "SFA18SCM11P"}
{"issue_number": 278, "created_at": "2018-11-15", "closed_at": "2018-11-16", "labels": ["Category:Inquiry", "DetectionPhase:Field", "OriginationPhase:Coding", "Priority:High", "Status:inProgress"], "State": "closed", "Author": "AFA18SCM66P"}
{"issue_number": 275, "created_at": "2018-11-15", "closed_at": "2018-11-16", "labels": ["Category:Bug", "DetectionPhase:Testing", "OriginationPhase:Design", "Priority:Critical", "Status:Approved"], "State": "closed", "Author": "AFA18SCM89B"}
{"issue_number": 273, "created_at": "2018-11-15", "closed_at": null, "labels": ["Category:Inquiry", "DetectionPhase:Field", "OriginationPhase:Documentation", "Priority:Medium", "Status:pendingReview"], "State": "open", "Author": "JFA18SCM08A"}
{"issue_number": 270, "created_at": "2018-11-15", "closed_at": "2018-11-15", "labels": ["Category:Bug", "DetectionPhase:Testing", "OriginationPhase:Requirements", "Priority:Critical", "Status:Approved"], "State": "closed", "Author": "RFA18SCM41K"}
{"issue_number": 269, "created_at": "2018-11-15", "closed_at": "2018-11-15", "labels": ["Category:Bug", "DetectionPhase:Testing", "OriginationPhase:Design", "Priority:Critical", "Status:Approved"], "State": "closed", "Author": "AFA18SCM91A"}
{"issue_number": 268, "created_at": "2018-11-15", "closed_at": "2018-11-15", "labels": ["Category:Bug", "DetectionPhase:Testing", "OriginationPhase:Design", "Priority:Major", "Status:Completed"], "State": "closed", "Author": "RFA18SCM25S"}
{"issue_number": 266, "created_at": "2018-11-15", "closed_at": "2018-11-15", "labels": ["Category:Inquiry", "DetectionPhase:Field", "OriginationPhase:Coding", "Priority:Medium", "Status:inProgress"], "State": "closed", "Author": "AFA18SCM16S"}
{"issue_number": 264, "created_at": "2018-11-15", "closed_at": null, "labels": ["Category:Bug", "DetectionPhase:Testing", "OriginationPhase:Design", "Priority:Critical", "Status:Approved"], "State": "open", "Author": "MFA18SCM29S"}
{"issue_number": 261, "created_at": "2018-11-15", "closed_at": "2018-11-15", "labels": ["Category:Enhancement", "DetectionPhase:Testing", "OriginationPhase:Requirements", "Priority:Critical", "Status:Completed"], "State": "closed", "Author": "HFA18SCM15D"}
{"issue_number": 259, "created_at": "2018-11-15", "closed_at": "2018-11-15", "labels": ["Category:Enhancement", "DetectionPhase:Testing", "OriginationPhase:Design", "Priority:Critical", "Status:Approved"], "State": "closed", "Author": "AFA18SCM41A"}
{"issue_number": 258, "created_at": "2018-11-15", "closed_at": "2018-11-15", "labels": ["Category:Bug", "DetectionPhase:Testing", "OriginationPhase:Design", "Priority:Critical", "Status:Approved"], "State": "closed", "Author": "LFA18SCM97Y"}
{"issue_number": 256, "created_at": "2018-11-15", "closed_at": "2018-11-15", "labels": ["Category:Inquiry", "DetectionPhase:Field", "OriginationPhase:Coding", "Priority:High", "Status:inProgress"], "State": "closed", "Author": "AFA18SCM14K"}
{"issue_number": 255, "created_at": "2018-11-15", "closed_at": "2018-11-15", "labels": ["Category:Inquiry", "DetectionPhase:Field", "OriginationPhase:Coding", "Priority:High", "Status:inProgress"], "State": "closed", "Author": "MFA18SCM68R"}
{"issue_number": 253, "created_at": "2018-11-15", "closed_at": "2018-11-15", "labels": ["Category:Bug", "DetectionPhase:Testing", "OriginationPhase:Design", "Priority:Major", "Status:Approved"], "State": "closed", "Author": "PFA18SCM89C"}
{"issue_number": 250, "created_at": "2018-11-15", "closed_at": "2018-11-15", "labels": ["Category:Bug", "DetectionPhase:Testing", "OriginationPhase:Requirements", "Priority:Critical", "Status:Approved"], "State": "closed", "Author": "ZFA18SCM59L"}
{"issue_number": 245, "created_at": "2018-11-15", "closed_at": "2018-11-15", "labels": ["Address:111 Jackson Blvd Chicago IL 60604", "Category:Bug", "DetectionPhase:Design", "Longitude:-87.631210", "OrientationPhase:Requirements", "Priority :Critical", "Status:pendingReview", "latitude:41.878050"], "State": "closed", "Author": "AFA18SCM64A"}
{"issue_number": 242, "created_at": "2018-11-14", "closed_at": "2018-11-15", "labels": ["Category:Inquiry", "DetectionPhase:Field", "OriginationPhase:Coding", "Priority:High", "Status:inProgress"], "State": "closed", "Author": "XFA18SCM72X"}
{"issue_number": 241, "created_at": "2018-11-14", "closed_at": "2018-11-15", "labels": ["Category:Bug", "DetectionPhase:Testing", "OriginationPhase:Requirements", "Priority:Critical", "Status:Completed"], "State": "closed", "Author": "JFA18SCM55L"}
{"issue_number": 239, "created_at": "2018-11-14", "closed_at": "2018-11-15", "labels": ["Category:Bug", "DetectionPhase:Testing", "OriginationPhase:Requirements", "Priority:Critical", "Status:Approved"], "State": "closed", "Author": "TFA18SCM51C"}
{"issue_number": 238, "created_at": "2018-11-14", "closed_at": "2018-11-14", "labels": ["Address:2525SMartinLutherKingDr60616", "Category:Bug", "DetectionPhase:Design", "Latitude:41.847067", "Longitude:-87.616800", "OriginationPhase:Requirements", "Priority:Critical", "Status:Approved", "Status:inProgress"], "State": "closed", "Author": "KFA18SCM64T"}
{"issue_number": 236, "created_at": "2018-11-14", "closed_at": "2018-11-14", "labels": ["Category:Bug", "DetectionPhase:Testing", "OriginationPhase:Requirements", "Priority:Critical", "Status:Approved"], "State": "closed", "Author": "KFA18SCM79M"}
{"issue_number": 234, "created_at": "2018-11-14", "closed_at": "2018-11-14", "labels": ["Address:2525 S King Dr Chicago IL 60616", "Category:Bug", "DetectionPhase:Design", "Latitude:41.845677", "Longitude:-87.653743", "OrientationPhase:Requirements", "Priority:Critical", "Status:Approved"], "State": "closed", "Author": "KFA18SCM64T"}
{"issue_number": 233, "created_at": "2018-11-14", "closed_at": "2018-11-14", "labels": ["Address:2525 S MLK Dr Chicago IL 60616", "Category:Enhancement", "DetectionPhase:Coding", "Latitude:41.847198", "Longitude:-87.617188", "OriginationPhase:Coding", "Priority:Critical", "Status:inProgress"], "State": "closed", "Author": "YFA18SCM09S"}
{"issue_number": 232, "created_at": "2018-11-14", "closed_at": "2018-11-14", "labels": ["Address:119 N Wabash Ave Chicago IL 60602", "Category: Bug", "Detection Phase:Design", "Origination Phase :  Design", "Priority :  Medium", "Status: pendingReview"], "State": "closed", "Author": "QFA18SCM70G"}
{"issue_number": 231, "created_at": "2018-11-14", "closed_at": "2018-11-15", "labels": ["Category:Bug", "DetectionPhase:Testing", "OriginationPhase:Design", "Priority:Critical", "Status:Approved"], "State": "closed", "Author": "AFA18SCM49V"}
{"issue_number": 229, "created_at": "2018-11-14", "closed_at": "2018-11-14", "labels": ["Category:Inquiry", "DetectionPhase:Field", "OriginationPhase:Coding", "Priority:High", "Status:inProgress"], "State": "closed", "Author": "DFA18SCM88Y"}
{"issue_number": 227, "created_at": "2018-11-14", "closed_at": "2018-11-14", "labels": ["Address:526 E 2nd St Winner SD 57580", "Category:Bug", "DetectionPhase:Design", "Latitude:43.376630", "Longitude: -99.851481", "OriginationPhase:Requirements", "Priority:Critical", "Status:pendingReview"], "State": "closed", "Author": "KFA18SCM06Y"}
{"issue_number": 225, "created_at": "2018-11-14", "closed_at": "2018-11-14", "labels": ["Category:Inquiry", "DetectionPhase:Field", "OriginationPhase:Coding", "Priority:High", "Status:inProgress"], "State": "closed", "Author": "KFA18SCM78L"}
{"issue_number": 222, "created_at": "2018-11-14", "closed_at": "2018-11-14", "labels": ["Address:516 N River Rd Naperville IL 60540", "Category:Bug", "DetectionPhase:Design", "Latitude:41.781419", "Longitude:-88.178779", "OriginationPhase:Design", "Priority:Medium", "Status:inProgress"], "State": "closed", "Author": "DFA18SCM23M"}
{"issue_number": 221, "created_at": "2018-11-14", "closed_at": "2018-11-14", "labels": [], "State": "closed", "Author": "DFA18SCM23M"}
{"issue_number": 216, "created_at": "2018-11-14", "closed_at": "2018-11-14", "labels": ["Address:119 N Wabash Ave Chicago IL 60602", "Category:Bug", "DetectionPhase:Design", "Latitude:41.883680", "Longitude:-87.625830", "OriginationPhase:Requirements", "Priority:Medium", "Status:Approved"], "State": "closed", "Author": "MFA18SCM22N"}
{"issue_number": 214, "created_at": "2018-11-14", "closed_at": "2018-11-14", "labels": ["Address:111 Jackson Blvd Chicago IL 60604", "Category:Bug", "DetectionPhase:Design", "Longitude:-87.631210", "OriginationPhase:Requirements", "Priority:Medium", "Status:Approved", "latitude:41.878050"], "State": "closed", "Author": "RFA18SCM19G"}
{"issue_number": 211, "created_at": "2018-11-14", "closed_at": "2018-11-14", "labels": ["Address:2525 S Martin Luther King Dr Chicago 60616", "Category:Bug", "DetectionPhase:Design", "Latitude: 41.838982", "Longitude: -87.617188", "OriginationPhase:Design", "Priority:Critical", "Status:Approved"], "State": "closed", "Author": "VFA18SCM66J"}
{"issue_number": 210, "created_at": "2018-11-14", "closed_at": "2018-11-14", "labels": ["Address:2525 S Martin Luther King Dr Chicago 60616", "Category:Bug", "DetectionPhase:Design", "Latitude: 41.838982", "Longitude: -87.617188", "OriginationPhase:Design", "Priority:Critical", "Status:Approved"], "State": "closed", "Author": "MFA18SCM68R"}
{"issue_number": 205, "created_at": "2018-11-14", "closed_at": "2018-11-14", "labels": ["Address:2525 S Martin Luther King Dr Chicago 60616", "Category:Bug", "DetectionPhase:Design", "Latitude: 41.838982", "Longitude: -87.617188", "OriginationPhase:Design", "Priority:Critical", "Status:Approved"], "State": "closed", "Author": "AFA18SCM41A"}
{"issue_number": 204, "created_at": "2018-11-14", "closed_at": null, "labels": [], "State": "open", "Author": "MFA18SCM68R"}
{"issue_number": 200, "created_at": "2018-11-14", "closed_at": "2018-11-14", "labels": ["Address:2939 Princeton Ave Chicago IL 60616", "Category : Bug", "DetectionPhase: Design", "Latitude:41.839970", "Longitude:-87.633910", "OriginationPhase : Design", "Priority :Critical", "Status : Approved"], "State": "closed", "Author": "FFA18SCM76B"}
{"issue_number": 198, "created_at": "2018-11-14", "closed_at": "2018-11-14", "labels": ["Address:5716 Debarr Road Anchorage AK 99504", "Category:Bug", "DetectionPhase:Design", "Latitude:61.209280", "Longitude:-149.775150", "OriginationPhase:Design", "Priority:Medium", "Status:Approved"], "State": "closed", "Author": "fazfar"}
{"issue_number": 196, "created_at": "2018-11-14", "closed_at": "2018-11-14", "labels": ["Address:111 Jackson Blvd Chicago IL 60604", "Category:Bug", "Detection Phase:Design", "Latitude:41.847067", "Longitude:-87.631210", "OriginationPhase:Design", "Priority:Medium", "Status:Approved"], "State": "closed", "Author": "SFA18SCM11P"}
{"issue_number": 194, "created_at": "2018-11-14", "closed_at": "2018-11-14", "labels": ["Address:3020 S Halsted St Chicago IL 60608", "Category:Bug", "DetectionPhase:Design", "Latitude:41.838982", "Longitude:-87.646896", "OriginationPhase:Design", "Priority:Medium", "Status:Approved"], "State": "closed", "Author": "PFA18SCM71G"}
{"issue_number": 193, "created_at": "2018-11-14", "closed_at": "2018-11-14", "labels": ["Address:3020 S Halsted St Chicago IL 60608", "Category : Bug", "Detection Phase : Design", "Latitude:41.838982", "Longitude:-87.646896", "OriginationPhase:Design", "Priority: Critical", "Status : Approved"], "State": "closed", "Author": "NFA18SCM97G"}
{"issue_number": 191, "created_at": "2018-11-14", "closed_at": "2018-11-14", "labels": ["Address:3095 N High St Columbus OH 43202", "Category:Bug", "DetectionPhase:Design", "Latitude:40.025340", "Longitude:-83.014690", "OriginationPhase:Design", "Priority:Medium", "Status:inProgress"], "State": "closed", "Author": "GFA18SCM53S"}
{"issue_number": 188, "created_at": "2018-11-14", "closed_at": "2018-11-14", "labels": [], "State": "closed", "Author": "GFA18SCM53S"}
{"issue_number": 187, "created_at": "2018-11-14", "closed_at": "2018-11-14", "labels": [], "State": "closed", "Author": "GFA18SCM53S"}
{"issue_number": 184, "created_at": "2018-11-14", "closed_at": "2018-11-14", "labels": ["Address:2525SMartinLutherKingDr60616", "Category:Bug", "DetectionPhase:Design", "Latitude:41.847200", "Longitude:-87.616800", "OrientationPhase:Requirements", "Priority:Medium", "Status:Approved"], "State": "closed", "Author": "CFA18SCM71R"}
{"issue_number": 181, "created_at": "2018-11-14", "closed_at": "2018-11-14", "labels": ["Address:McDonald's Prices in Branchburg NJ 8876", "Category:Bug", "DetectionPhase:Design", "Latitude:39.354279", "Longitude:-86.108749", "OriginationPhase:Design", "Priority:Medium", "Status:Approved"], "State": "closed", "Author": "SFA18SCM30D"}
{"issue_number": 180, "created_at": "2018-11-14", "closed_at": "2018-11-14", "labels": ["Address:111 Jackson Blvd Chicago IL 60604", "Category:Bug", "DetectionPhase:Design", "OriginationPhase:Design", "Priority:Critical", "Status:pendingReview"], "State": "closed", "Author": "eosrory"}
{"issue_number": 178, "created_at": "2018-11-14", "closed_at": "2018-11-14", "labels": ["Address:6125 N Milwaukee Avenue Chicago IL 60646", "Category:Bug", "DetectionPhase:Design", "Latitude:41.993252", "Longitude:-87.783539", "OriginationPhase:Requirements", "Priority:Critical", "Status:inProgress"], "State": "closed", "Author": "SFA18SCM82S"}
{"issue_number": 177, "created_at": "2018-11-14", "closed_at": "2018-11-14", "labels": ["Category:Enhancement", "DetectionPhase:Testing", "OriginationPhase:Requirements", "Priority:Critical", "Status:Approved"], "State": "closed", "Author": "YFA18SCM55Z"}
{"issue_number": 176, "created_at": "2018-11-14", "closed_at": "2018-11-14", "labels": ["Address:6125 N Milwaukee Ave Chicago IL 60646", "Category:Bug", "DetectionPhase:Design", "Latitude:41.993252", "Longitude:-87.783539", "OriginationPhase:Requirements", "Priority:Critical", "Status:inProgress"], "State": "closed", "Author": "AFA18SCM56B"}
{"issue_number": 175, "created_at": "2018-11-14", "closed_at": "2018-11-14", "labels": ["Address:1831 W Devon Ave Chicago IL 60660", "Category:Bug", "DetectionPhase:Design", "Latitude:41.997581", "Longitude:-87.676201", "OriginationPhase:Requirements", "Priority:Medium", "Status:inProgress"], "State": "closed", "Author": "AFA18SCM14K"}
{"issue_number": 172, "created_at": "2018-11-14", "closed_at": null, "labels": ["Address:920 North York Street Elmhurst IL 60126", "Category: Bug", "DetectionPhase:Design", "Latitude:40.741895", "Longitude: -87.617188", "Priority: Critical", "StatusPallavi: InProgress"], "State": "open", "Author": "XFA18SCM39M"}
{"issue_number": 171, "created_at": "2018-11-14", "closed_at": "2018-11-14", "labels": ["Address:2301S Lake Shore Dr Chicago IL 60616", "Category:Bug", "DetectionPhase:Design", "Latitude:41.851200", "Longitude:-87.617767", "OriginationPhase:Design", "Priority:Critical", "Status:Approved"], "State": "closed", "Author": "AFA18SCM35C"}
{"issue_number": 170, "created_at": "2018-11-14", "closed_at": "2018-11-14", "labels": ["Address:2301 S Lake Shore Drive Chicago IL 60616", "Category:Bug", "Latitude:41.851200", "Longitude:-87.617767", "OriginationPhase : Design", "Priority:Critical", "Status:Approved"], "State": "closed", "Author": "NFA18SCM96B"}
{"issue_number": 169, "created_at": "2018-11-14", "closed_at": "2018-11-14", "labels": ["Address:314 W Superior St Chicago IL 60654", "Category:Bug", "DetectionPhase:Design", "Latitute:41.895690", "Longitute:-87.636280", "OriginationPhase:Requirements", "Priority:Medium", "Status:inProgress"], "State": "closed", "Author": "NFA18SCM18B"}
{"issue_number": 167, "created_at": "2018-11-14", "closed_at": "2018-11-14", "labels": ["Address:314 W Superior St Chicago IL 60654", "Category:Bug", "DetectionPhase:Design", "Latitute:41.895690", "Longitute:-87.636280", "OriginationPhase:Coding", "Priority:Medium", "Status:Approved"], "State": "closed", "Author": "SFA18SCM05R"}
{"issue_number": 165, "created_at": "2018-11-14", "closed_at": "2018-11-14", "labels": ["Category:Inquiry", "DetectionPhase:Field", "OriginationPhase:Coding", "Priority:Medium", "Status:inProgress"], "State": "closed", "Author": "KFA18SCM27M"}
{"issue_number": 162, "created_at": "2018-11-14", "closed_at": "2018-11-14", "labels": ["Category:Inquiry", "DetectionPhase:Field", "OriginationPhase:Coding", "Priority:High", "Status:inProgress"], "State": "closed", "Author": "HFA18SCM42K"}
{"issue_number": 161, "created_at": "2018-11-13", "closed_at": "2018-11-14", "labels": [], "State": "closed", "Author": "xma45"}
{"issue_number": 157, "created_at": "2018-11-13", "closed_at": "2018-11-14", "labels": ["Address: 2301 S Lake Shore Dr Chicago IL 60616", "Category:Bug", "DetectionPhasePallavi:Design", "Latitude:41.851200", "Longitude:-87.617767", "Origination Phase :  Design", "Priority :Critical", "Status : Approved"], "State": "closed", "Author": "HFA18SCM42K"}
{"issue_number": 154, "created_at": "2018-11-13", "closed_at": "2018-11-14", "labels": ["Category:Inquiry", "DetectionPhase:Field", "OriginationPhase:Coding", "Priority:High", "Status:inProgress"], "State": "closed", "Author": "JFA18SCM46C"}
{"issue_number": 153, "created_at": "2018-11-13", "closed_at": "2018-11-14", "labels": ["Address:1737 W Fullerton Ave Chicago IL 60614", "Category:Bug", "DetectionPhase:Design", "Latitude:41.925090", "Longitude:-87.671830", "OriginationPhase:Design", "Priority:Critical", "Status:Approved"], "State": "closed", "Author": "BFA18SCM78Z"}
{"issue_number": 152, "created_at": "2018-11-13", "closed_at": "2018-11-14", "labels": ["Address:2525 S King Dr Chicago IL 60616", "Category:Bug", "DetectionPhase:Design", "Latitude:41.847198", "Longitude:-87.617188", "OriginationPhase:Requirements", "Priority:Medium", "Status:inProgress"], "State": "closed", "Author": "AFA18SCM21V"}
{"issue_number": 150, "created_at": "2018-11-13", "closed_at": "2018-11-14", "labels": ["Address:2525 S Martin Luther King Dr Chicago 60616", "Category:Bug", "DetectionPhase:Design", "Latitude:41.847067", "Longitude:-87.616800", "Priority:Medium", "Status:pendingReview"], "State": "closed", "Author": "HFA18SCM15D"}
{"issue_number": 149, "created_at": "2018-11-13", "closed_at": null, "labels": [], "State": "open", "Author": "AFA18SCM21V"}
{"issue_number": 148, "created_at": "2018-11-13", "closed_at": "2018-11-13", "labels": ["Address:2301 S Lake Shore Dr Chicago IL 60616", "Category:Bug", "DetectionPhasePallavi:Design", "Latitude:41.851200", "Longitude:-87.617767", "Origination Phase :  Design", "Priority :Critical", "Status : Approved"], "State": "closed", "Author": "HFA18SCM42K"}
{"issue_number": 146, "created_at": "2018-11-13", "closed_at": null, "labels": [], "State": "open", "Author": "HFA18SCM42K"}
{"issue_number": 145, "created_at": "2018-11-13", "closed_at": "2018-11-13", "labels": ["Address: 2301 S Lake Shore Dr Chicago IL 60616", "CategoryPallavi:Bug", "DetectionPhasePallavi:Design", "Latitude:41.851200", "Longitude:-87.617767", "Origination Phase :  Design", "Priority :  Medium", "Status:Approved"], "State": "closed", "Author": "AFA18SCM85P"}
{"issue_number": 142, "created_at": "2018-11-13", "closed_at": "2018-11-13", "labels": ["Address:2525 S Martin Luther K Dr Chicago IL 60616", "Category:Bug", "DetectionPhase:Design", "Latitude:41.838982", "Longitude:-87.617188", "OriginationPhase:Design", "Priority:Medium", "Status:Approved"], "State": "closed", "Author": "PFA18SCM89C"}
{"issue_number": 141, "created_at": "2018-11-13", "closed_at": "2018-11-13", "labels": ["Address:2525 S Martin Luther King Dr Chicago 60616", "Category:Bug", "DetectionPhase:Design", "Latitude:41.847198", "Longitude:-87.617188", "OriginationPhase:Requirements", "Priority:Medium", "Status:pendingReview"], "State": "closed", "Author": "XFA18SCM72X"}
{"issue_number": 139, "created_at": "2018-11-13", "closed_at": "2018-11-14", "labels": [], "State": "closed", "Author": "SFA18SCM05R"}
{"issue_number": 138, "created_at": "2018-11-13", "closed_at": null, "labels": [], "State": "open", "Author": "harshaks23"}
{"issue_number": 137, "created_at": "2018-11-13", "closed_at": null, "labels": [], "State": "open", "Author": "HFA18SCM42K"}
{"issue_number": 136, "created_at": "2018-11-13", "closed_at": null, "labels": [], "State": "open", "Author": "HFA18SCM42K"}
{"issue_number": 133, "created_at": "2018-11-13", "closed_at": "2018-11-13", "labels": ["Address: 12501 IL-59 Plainfield IL 60544", "Category:Bug", "DetectionPhase:Design", "Latitude: 41.655480", "Longitude: -88.203537", "OriginationPhase:Requirements", "Priority:Medium", "Status:pendingReview"], "State": "closed", "Author": "KFA18SCM79M"}
{"issue_number": 131, "created_at": "2018-11-13", "closed_at": "2018-11-14", "labels": ["Address:2525 S Martin Luther King Dr 60616", "Category:Bug", "DetectionPhase:Design", "Latitude:41.847198", "Longitude:-87.617188", "OriginationPhase:Requirements", "Priority:Medium", "Status:pendingReview"], "State": "closed", "Author": "TFA18SCM51C"}
{"issue_number": 130, "created_at": "2018-11-13", "closed_at": null, "labels": [], "State": "open", "Author": "HFA18SCM42K"}
{"issue_number": 128, "created_at": "2018-11-13", "closed_at": null, "labels": [], "State": "open", "Author": "HFA18SCM42K"}
{"issue_number": 126, "created_at": "2018-11-13", "closed_at": "2018-11-15", "labels": ["Address:3020 S Halsted St Chicago IL 60608", "Category:Bug", "DetectionPhase:Design", "Latitude:41.838982", "Longitude:-87.646896", "OriginationPhase:Requirements", "Priority:Medium", "Status:pendingReview"], "State": "closed", "Author": "ZFA18SCM59L"}
{"issue_number": 125, "created_at": "2018-11-13", "closed_at": null, "labels": ["Address:2525 S Martin Luther King Dr Chicago 60616", "Category:Enhancement", "DetectionPhase:Design", "Latitude:41.845677", "Longitude:-87.653743", "OriginationPhase:Requirements", "Priority:Medium", "Status:Approved"], "State": "open", "Author": "AFA18SCM66P"}
{"issue_number": 123, "created_at": "2018-11-13", "closed_at": "2018-11-13", "labels": ["Category:Bug", "DetectionPhase:Testing", "OriginationPhase:Design", "Priority:Critical", "Status:Approved"], "State": "closed", "Author": "SFA18SCM21P"}
{"issue_number": 122, "created_at": "2018-11-13", "closed_at": "2018-11-14", "labels": ["Category:Enhancement", "DetectionPhase:Testing", "OriginationPhase:Design", "Priority:Major", "Status:Completed"], "State": "closed", "Author": "SFA18SCM81V"}
{"issue_number": 121, "created_at": "2018-11-13", "closed_at": "2018-11-16", "labels": ["Category:Enhancement", "DetectionPhase:Testing", "OriginationPhase:Requirements", "Priority:Major", "Status:Completed"], "State": "closed", "Author": "KFA18SCM11K"}
{"issue_number": 120, "created_at": "2018-11-13", "closed_at": "2018-11-14", "labels": ["Address:2525 S Martin Luther K Dr Chicago IL 60616", "Category:Bug", "DetectionPhase:Design", "Latitude:41.847198", "Longitude:-87.617188", "OriginationPhase:Design", "Priority:Critical", "Status:Approved"], "State": "closed", "Author": "RFA18SCM25S"}
{"issue_number": 119, "created_at": "2018-11-13", "closed_at": "2018-11-14", "labels": ["Address:111 Jackson Blvd Chicago IL 60604", "Category:Bug", "Latitude:41.878052", "Longitude:-87.631210", "OriginationPhase:Design", "Priority:Medium", "Status:Approved"], "State": "closed", "Author": "PFA18SCM42I"}
{"issue_number": 117, "created_at": "2018-11-13", "closed_at": null, "labels": ["Address:225 S Canal St Chicago IL 60606", "Category : Bug", "Detection Phase : Design", "OriginationPhasePallavi:Design", "Priority: Critical", "Status: Approved"], "State": "open", "Author": "jling3"}
{"issue_number": 116, "created_at": "2018-11-13", "closed_at": null, "labels": [], "State": "open", "Author": "jling3"}
{"issue_number": 114, "created_at": "2018-11-13", "closed_at": "2018-11-13", "labels": ["Address:119 N Wabash Ave Chicago IL 60602", "Category:Bug", "DetectionPhase:Design", "Latitude:41.883678", "Longitude:-87.625832", "OriginationPhase:Requirements", "Priority:Medium", "Status:Approved"], "State": "closed", "Author": "RFA18SCM41K"}
{"issue_number": 113, "created_at": "2018-11-13", "closed_at": "2018-11-13", "labels": ["Address:3020 S Halsted St Chicago IL 60608", "Category:Bug", "DetectionPhase:Design", "Latitude:41.838982", "Longitude:-87.616800", "OriginationPhase:Design", "Priority:Medium", "Status:inProgress"], "State": "closed", "Author": "LFA18SCM97Y"}
{"issue_number": 112, "created_at": "2018-11-13", "closed_at": null, "labels": [], "State": "open", "Author": "SFA18SCM05R"}
{"issue_number": 111, "created_at": "2018-11-13", "closed_at": "2018-11-14", "labels": ["Address:233 N Michigan Chicago IL 60601", "Category:Enhancement", "DetectionPhase:Coding", "Latitude:41.887135", "Longitude:-87.623281", "OriginationPhase:Testing", "Priority:Major", "Status:Completed"], "State": "closed", "Author": "AFA18SCM93B"}
{"issue_number": 110, "created_at": "2018-11-13", "closed_at": "2018-11-13", "labels": ["Address:3020 S Halsted St Chicago IL 60608", "Category:Bug", "DetectionPhase:Design", "Latitude:41.838982", "Longitude:-87.646896", "OriginationPhase:Requirements", "Priority:Critical", "Status:inProgress"], "State": "closed", "Author": "AFA18SCM57S"}
{"issue_number": 108, "created_at": "2018-11-13", "closed_at": null, "labels": [], "State": "open", "Author": "SFA18SCM05R"}
{"issue_number": 104, "created_at": "2018-11-13", "closed_at": null, "labels": ["Address:920 North York Street Elmhurst IL 60126", "Category:Bug", "DetectionPhase:Design", "Latitude:41.895302", "Longitude:-87.940044", "OriginationPhase:Requirements", "Priority:Critical", "Status:inProgress"], "State": "open", "Author": "JFA18SCM46C"}
{"issue_number": 101, "created_at": "2018-11-13", "closed_at": "2018-11-13", "labels": ["Category:Bug", "DetectionPhase:Testing", "OriginationPhase:Design", "Priority:Critical", "Status:Approved"], "State": "closed", "Author": "NFA18SCM89J"}
{"issue_number": 100, "created_at": "2018-11-13", "closed_at": "2018-11-14", "labels": [], "State": "closed", "Author": "ZFA18SCM59L"}
{"issue_number": 96, "created_at": "2018-11-13", "closed_at": "2018-11-13", "labels": ["Address:2525 S Martin Luther King Dr Chicago 60616", "Category:Bug", "DetectionPhase:Design", "Latitude:41.847200", "Longitude:-87.617190", "OriginationPhase:Requirements", "Priority:Medium", "Status:inProgress"], "State": "closed", "Author": "KFA18SCM11K"}
{"issue_number": 95, "created_at": "2018-11-13", "closed_at": "2018-11-14", "labels": ["Address:1650 VFW Pkwy West Roxbury MA 02132", "Category:Bug", "DetectionPhase:Design", "Latitude:42.264252", "Longitude:-71.167717", "OriginationPhase:Design", "Priority:Critical", "Status:inProgress"], "State": "closed", "Author": "MFA18SCM29S"}
{"issue_number": 94, "created_at": "2018-11-13", "closed_at": "2018-11-13", "labels": ["Category:Bug", "DetectionPhase:Testing", "OriginationPhase:Requirements", "Priority:Critical", "Status:Approved"], "State": "closed", "Author": "SFA18SCM71C"}
{"issue_number": 93, "created_at": "2018-11-13", "closed_at": "2018-11-13", "labels": ["Address:920 North York Street Elmhurst IL 60126", "Category:Bug", "DetectionPhase:Design", "Latitude:41.927710", "Longitude:-87.940180", "OriginationPhase:Requirements", "Priority:Critical", "Status:Approved"], "State": "closed", "Author": "SFA18SCM75J"}
{"issue_number": 92, "created_at": "2018-11-13", "closed_at": null, "labels": [], "State": "open", "Author": "MFA18SCM29S"}
{"issue_number": 91, "created_at": "2018-11-13", "closed_at": "2018-11-14", "labels": ["Address:111 Jackson Blvd Chicago IL 60604", "Category:Bug", "DetectionPhase:Design", "Latitude:41.878052", "Longitude:-87.631210", "OriginationPhase:Requirements", "Priority:Critical", "Status:inProgress"], "State": "closed", "Author": "JFA18SCM55L"}
{"issue_number": 87, "created_at": "2018-11-13", "closed_at": "2018-11-13", "labels": ["Address:3020 S Halsted St Chicago IL 60608", "Category:Bug", "DetectionPhase:Design", "Latitude:41.838980", "Longitude:-87.646900", "OriginationPhase:Design", "Priority:Medium", "Status:Approved"], "State": "closed", "Author": "DFA18SCM88Y"}
{"issue_number": 86, "created_at": "2018-11-13", "closed_at": "2018-11-13", "labels": ["Address:160 Broadway New York  NY 10038", "Category:Bug", "DetectionPhase:Design", "Latitude:40.709300", "Longitude:-74.009760", "OriginationPhase:Requirements", "Priority:Medium", "Status:Approved"], "State": "closed", "Author": "AFA18SCM16S"}
{"issue_number": 85, "created_at": "2018-11-13", "closed_at": "2018-11-13", "labels": ["Address:2525 S King Dr Chicago IL 60616", "Category:Bug", "Detection Phase:Design", "Priority:Medium", "Status:Approved", "latitude:41.845676", "longitude:-87.653740"], "State": "closed", "Author": "SFA18SCM21P"}
{"issue_number": 84, "created_at": "2018-11-13", "closed_at": "2018-11-13", "labels": ["Category:Inquiry", "DetectionPhase:Field", "OriginationPhase:Coding", "Priority:High", "Status:pendingReview"], "State": "closed", "Author": "RFA18SCM34Z"}
{"issue_number": 82, "created_at": "2018-11-13", "closed_at": "2018-11-13", "labels": ["Category:Inquiry", "DetectionPhase:Field", "OriginationPhase:Coding", "Priority:Medium", "Status:inProgress"], "State": "closed", "Author": "VFA18SCM08K"}
{"issue_number": 75, "created_at": "2018-11-13", "closed_at": "2018-11-13", "labels": ["Address:2301 S Lake Shore Dr Chicago IL 60616", "Category:Bug", "DetectionPhase:Design", "Latitude:41.851200", "Longitude:-87.617767", "OriginationPhase:Requirements", "Priority:Critical", "Status:inProgress"], "State": "closed", "Author": "JFA18SCM08A"}
{"issue_number": 74, "created_at": "2018-11-13", "closed_at": "2018-11-13", "labels": ["Address:3020 S Halsted St Chicago IL 60608", "Category:Bug", "DetectionPhase:Design", "Latitude:41.838982", "Longitude:-87.646896", "OriginationPhase:Design", "Priority:Critical", "Status:Approved"], "State": "closed", "Author": "RFA18SCM34Z"}
{"issue_number": 72, "created_at": "2018-11-13", "closed_at": "2018-11-13", "labels": ["Address:2525 S Martin Luther King Dr Chicago 60616", "Category:Bug", "DetectionPhase:Design", "Latitude: 41.847198", "Longitude: -87.617188", "OriginationPhase:Requirements", "Priority:Medium", "Status:Approved"], "State": "closed", "Author": "MFA18SCM37P"}
{"issue_number": 71, "created_at": "2018-11-13", "closed_at": "2018-11-13", "labels": ["Address:2525 S Martin Luther K Dr Chicago IL 60616", "Category:Bug", "Latitude:41.847198", "Longitude:-87.617188", "OriginationPhase:Design", "Priority:Medium", "Status:pendingReview"], "State": "closed", "Author": "VFA18SCM08K"}
{"issue_number": 70, "created_at": "2018-11-13", "closed_at": "2018-11-13", "labels": ["Address:2525 S Martin Luther King Dr Chicago 60616", "Category:Bug", "DetectionPhase:Design", "Latitude:41.847200", "Longitude:-87.617190", "OriginationPhase:Requirements", "Priority:Medium", "Status:Approved"], "State": "closed", "Author": "SFA18SCM56H"}
{"issue_number": 69, "created_at": "2018-11-13", "closed_at": "2018-11-13", "labels": ["Address:2525 S Martin Luther King Dr Chicago 60616", "Category:Bug", "DetectionPhase:Design", "Latitude: 41.847200", "Longitude: -87.617190", "OriginationPhase:Requirements", "Priority:Medium", "Status:Approved"], "State": "closed", "Author": "BFA18SCM86S"}
{"issue_number": 68, "created_at": "2018-11-13", "closed_at": "2018-11-13", "labels": ["Address:2301 S Lake Shore Dr Chicago IL 60616", "Category:Bug", "DetectionPhase:Design", "Latitude:41.851200", "Longitude:-87.617767", "OriginationPhase:Design", "Priority:Medium", "Status:Approved"], "State": "closed", "Author": "PFA18SCM15B"}
{"issue_number": 61, "created_at": "2018-11-13", "closed_at": "2018-11-13", "labels": ["Category:Bug", "DetectionPhase:Testing", "OriginationPhase:Design", "Priority:Critical", "Status:Approved"], "State": "closed", "Author": "HFA18SCM69L"}
{"issue_number": 60, "created_at": "2018-11-13", "closed_at": "2018-11-13", "labels": ["Category:Enhancement", "DetectionPhase:Testing", "OriginationPhase:Requirements", "Priority:Major", "Status:Completed"], "State": "closed", "Author": "RFA18SCM33P"}
{"issue_number": 59, "created_at": "2018-11-13", "closed_at": "2018-11-13", "labels": ["Category:Bug", "DetectionPhase:Testing", "OriginationPhase:Requirements", "Priority:Critical", "Status:Approved"], "State": "closed", "Author": "SFA18SCM05P"}
{"issue_number": 57, "created_at": "2018-11-13", "closed_at": "2018-11-13", "labels": ["Address:119 N Wabash Ave Chicago IL 60602", "Category : Bug", "Detection Phase : Design", "Latitude:41.883678", "Longitude:-87.625832", "OriginationPhase:Requirements", "Priority:Medium", "Status:inProgress"], "State": "closed", "Author": "AFA18SCM89B"}
{"issue_number": 56, "created_at": "2018-11-13", "closed_at": "2018-11-14", "labels": ["Address:McDonald's Prices in Branchburg NJ 8876", "Category:Bug", "Detection Phase:Design", "OriginationPhase:Design", "Priority:Critical", "Status:Approved"], "State": "closed", "Author": "AFA18SCM91A"}
{"issue_number": 55, "created_at": "2018-11-13", "closed_at": "2018-11-13", "labels": ["Address:225 S Canal St Chicago IL 60606", "Category:Bug", "DetectionPhase:Design", "Latitude:41.878680", "Longitude:-87.640130", "OriginationPhase:Requirements", "Priority:Critical", "Status:Approved"], "State": "closed", "Author": "YFA18SCM55Z"}
{"issue_number": 54, "created_at": "2018-11-13", "closed_at": "2018-11-13", "labels": [], "State": "closed", "Author": "AFA18SCM91A"}
{"issue_number": 53, "created_at": "2018-11-13", "closed_at": "2018-11-13", "labels": ["Address : 2525 S  King Dr Chicago 60616", "Category : Bug", "Detection Phase : Design", "Latitude : 41.847200", "Longitude : -87.617190", "OriginationPhase:Design", "Priority : Medium", "Status : In Progress"], "State": "closed", "Author": "KFA18SCM27M"}
{"issue_number": 52, "created_at": "2018-11-13", "closed_at": null, "labels": [], "State": "open", "Author": "AFA18SCM91A"}
{"issue_number": 49, "created_at": "2018-11-13", "closed_at": "2018-11-13", "labels": ["Category:Inquiry", "DetectionPhase:Field", "OriginationPhase:Documentation", "Priority:High", "Status:pendingReview"], "State": "closed", "Author": "NFA18SCM46J"}
{"issue_number": 47, "created_at": "2018-11-13", "closed_at": null, "labels": [], "State": "open", "Author": "PFA18SCM71G"}
{"issue_number": 46, "created_at": "2018-11-13", "closed_at": "2018-11-13", "labels": ["Address:2301 S Lake Shore Dr Chicago IL 60616", "Category:Bug", "DetectionPhase:Design", "Latitude:41.851200", "Longitude:-87.617767", "OriginationPhase:Design", "Priority:Critical", "Status:Approved"], "State": "closed", "Author": "AFA18SCM51S"}
{"issue_number": 45, "created_at": "2018-11-13", "closed_at": "2018-11-13", "labels": ["Address:2525 S Martin Luther K Dr Chicago IL 60616", "Category:Bug", "DetectionPhase:Design", "Latitude:41.838982", "Longitude:-87.617188", "OriginationPhase:Design", "Priority:Medium", "Status:Approved"], "State": "closed", "Author": "PFA18SCM89C"}
{"issue_number": 44, "created_at": "2018-11-13", "closed_at": "2018-11-15", "labels": [], "State": "closed", "Author": "RFA18SCM25S"}
{"issue_number": 43, "created_at": "2018-11-12", "closed_at": "2018-11-13", "labels": ["Address:119 N Wabash Ave Chicago IL 60602", "Category:Bug", "DetectionPhase:Design", "Latitude:41.883678", "Longitude:-87.625832", "OriginationPhase:Requirements", "Priority:Critical", "Status:inProgress"], "State": "closed", "Author": "NFA18SCM46J"}
{"issue_number": 42, "created_at": "2018-11-12", "closed_at": null, "labels": [], "State": "open", "Author": "PFA18SCM89C"}
{"issue_number": 40, "created_at": "2018-11-12", "closed_at": "2018-11-12", "labels": ["Address:2301 S Lake Shore Dr Chicago IL 60616", "Category:Bug", "DetectionPhase:Design", "Latitude:41.851200", "Longitude:-87.617767", "OriginationPhase:Design", "Priority:Critical", "Status:Approved"], "State": "closed", "Author": "AFA18SCM51S"}
{"issue_number": 39, "created_at": "2018-11-12", "closed_at": "2018-11-13", "labels": ["Address : 2525 S  King Dr Chicago 60616", "Category:Bug", "DetectionPhase:Design", "Latitude:41.838982", "Longitude:-87.616800", "OriginationPhase:Design", "Priority:Medium", "Status:inProgress"], "State": "closed", "Author": "AFA18SCM49V"}
{"issue_number": 36, "created_at": "2018-11-12", "closed_at": "2018-11-12", "labels": ["Address: 2525 S Martin Luther King Dr 60616", "Category:Bug", "DetectionPhase:Design", "Latitude:41.847198", "Longitude:-87.617188", "OriginationPhase:Requirements", "Priority:Critical", "Status:Approved"], "State": "closed", "Author": "SFA18SCM71C"}
{"issue_number": 34, "created_at": "2018-11-12", "closed_at": "2018-11-12", "labels": ["Address:2301 S Lake Shore Dr Chicago IL 60616", "Category:Bug", "DetectionPhase:Design", "Latitude:41.851200", "Longitude:-87.617767", "OriginationPhase:Design", "Priority:Critical", "Status:Approved"], "State": "closed", "Author": "KFA18SCM78L"}
{"issue_number": 33, "created_at": "2018-11-12", "closed_at": "2018-11-14", "labels": ["Address:2301 S Lake Shore Dr Chicago IL 60616", "Category:Bug", "DetectionPhase:Design", "Latitude:40.741895", "Longitude:-73.989308", "OriginationPhase:Requirements", "Priority:Medium", "Status:Approved"], "State": "closed", "Author": "MFA18SCM22N"}
{"issue_number": 32, "created_at": "2018-11-12", "closed_at": "2018-11-14", "labels": ["Address:3020 S Halsted St Chicago IL 60608", "Category:Bug", "DetectionPhase:Design", "Latitude:41.838982", "Longitude:-87.646896", "OriginationPhase:Requirements", "Priority:Medium", "Status:Approved"], "State": "closed", "Author": "RFA18SCM19G"}
{"issue_number": 31, "created_at": "2018-11-12", "closed_at": null, "labels": [], "State": "open", "Author": "DFA11111"}
{"issue_number": 30, "created_at": "2018-11-12", "closed_at": "2018-11-13", "labels": ["Address:119 N Wabash Ave Chicago IL 60602", "Category:Bug", "DetectionPhase:Design", "Latitude:41.883680", "Longitude:-87.625830", "OriginationPhase:Requirements", "Priority:Medium", "Status:pendingReview"], "State": "closed", "Author": "NFA18SCM89J"}
{"issue_number": 26, "created_at": "2018-11-12", "closed_at": "2018-11-12", "labels": ["Category:Inquiry", "DetectionPhase:Field", "OriginationPhase:Coding", "Priority:Medium", "Status:inProgress"], "State": "closed", "Author": "AFA18SCM40P"}
{"issue_number": 21, "created_at": "2018-11-12", "closed_at": "2018-11-12", "labels": ["Address:2301 S Lake Shore Dr Chicago IL 60616", "Category:Bug", "DetectionPhase:Design", "Latitude:41.851200", "Longitude:-87.617767", "OriginationPhase:Requirements", "Priority:Medium", "Status:Approved"], "State": "closed", "Author": "RFA18SCM33P"}
{"issue_number": 20, "created_at": "2018-11-12", "closed_at": "2018-11-12", "labels": ["Address:2301 S Lake Shore Dr Chicago IL 60616", "Category:Bug", "DetectionPhase:Design", "Latitude:41.851200", "Longitude:-87.617767", "OriginationPhase:Requirements", "Priority:Medium", "Status:Approved"], "State": "closed", "Author": "SFA18SCM05P"}
{"issue_number": 19, "created_at": "2018-11-11", "closed_at": "2018-11-12", "labels": ["Address:10555 E Briarwood Cir Englewood CO 80112", "Category:Bug", "DetectionPhase:Design", "Latitude:39.594620", "Longitude:-104.866210", "OriginationPhase:Design", "Priority:Medium", "Status:inProgress"], "State": "closed", "Author": "SFA18SCM81V"}
{"issue_number": 18, "created_at": "2018-11-11", "closed_at": "2018-11-12", "labels": ["Address:10555 E Briarwood Cir Englewood CO 80112", "Category:Bug", "DetectionPhase:Design", "Latitude:39.594620", "Longitude:-104.866210", "OriginationPhase:Requirements", "Priority:Medium", "Status:inProgress"], "State": "closed", "Author": "AFA18SCM40P"}
{"issue_number": 17, "created_at": "2018-11-11", "closed_at": "2018-11-14", "labels": ["Address:2301 S Lake Shore Dr Chicago IL 60616", "Category:Bug", "DetectionPhase:Design", "Latitude:41.851200", "Longitude:-87.617767", "OriginationPhase:Design", "Priority:Critical", "Status:Approved"], "State": "closed", "Author": "RFA18SCM33P"}
{"issue_number": 16, "created_at": "2018-11-09", "closed_at": null, "labels": ["Category:Bug", "DetectionPhase:Design", "OriginationPhase:Coding", "Priority:Major", "Status:Approved"], "State": "open", "Author": "SPM587FA18"}
{"issue_number": 15, "created_at": "2018-11-09", "closed_at": null, "labels": ["Category:Bug", "DetectionPhase:Design", "OriginationPhase:Documentation", "Priority:Medium", "Status:Approved"], "State": "open", "Author": "SPM587FA18"}
{"issue_number": 14, "created_at": "2018-11-09", "closed_at": null, "labels": ["Category:Enhancement", "DetectionPhase:Design", "OriginationPhase:Coding", "Priority:Critical", "Status:Approved"], "State": "open", "Author": "SPM587FA18"}
{"issue_number": 13, "created_at": "2018-11-09", "closed_at": null, "labels": ["Category:Bug", "DetectionPhase:Design", "OriginationPhase:Documentation", "Priority:Major", "Status:inProgress"], "State": "open", "Author": "SPM587FA18"}
{"issue_number": 12, "created_at": "2018-11-09", "closed_at": null, "labels": ["Category:Inquiry", "DetectionPhase:Field", "OriginationPhase:Requirements", "Priority:Critical", "Status:Approved"], "State": "open", "Author": "SPM587FA18"}
{"issue_number": 11, "created_at": "2018-11-09", "closed_at": null, "labels": ["Category:Bug", "DetectionPhase:Field", "OriginationPhase:Design", "Priority:Medium", "Status:inProgress"], "State": "open", "Author": "SPM587FA18"}
{"issue_number": 10, "created_at": "2018-11-09", "closed_at": null, "labels": ["Category:Bug", "DetectionPhase:Design", "OriginationPhase:Design", "Priority:Major", "Status:Completed"], "State": "open", "Author": "SPM587FA18"}
{"issue_number": 9, "created_at": "2018-11-09", "closed_at": null, "labels": ["Category:Bug", "DetectionPhase:Design", "OriginationPhase:Documentation", "Priority:Critical", "Status:Completed"], "State": "open", "Author": "SPM587FA18"}
{"issue_number": 8, "created_at": "2018-11-09", "closed_at": null, "labels": ["Category:Inquiry", "DetectionPhase:Field", "OriginationPhase:Coding", "Priority:Medium", "Status:inProgress"], "State": "open", "Author": "SPM587FA18"}
{"issue_number": 7, "created_at": "2018-11-09", "closed_at": null, "labels": ["Category:Enhancement", "DetectionPhase:Field", "OriginationPhase:Coding", "Priority:Medium", "Status:Approved"], "State": "open", "Author": "SPM587FA18"}
{"issue_number": 5, "created_at": "2018-11-09", "closed_at": null, "labels": ["Category:Bug", "DetectionPhase:Design", "OriginationPhase:Requirements", "Priority:Major", "Status:inProgress"], "State": "open", "Author": "SPM587FA18"}
